<project xmlns="http://maven.apache.org/POM/4.0.0" xmlns:xsi="http://www.w3.org/2001/XMLSchema-instance"
  xsi:schemaLocation="http://maven.apache.org/POM/4.0.0 http://maven.apache.org/maven-v4_0_0.xsd">
  <modelVersion>4.0.0</modelVersion>
  <groupId>com.niit.social</groupId>
  <artifactId>rest</artifactId>
  <packaging>war</packaging>
  <version>0.0.1-SNAPSHOT</version>
  <name>rest Maven Webapp</name>
  <url>http://maven.apache.org</url>
<dependencies>
    <dependency>
      <groupId>junit</groupId>
      <artifactId>junit</artifactId>
      <version>3.8.1</version>
      <scope>test</scope>
    </dependency>
  	<dependency>
  		<groupId>org.springframework</groupId>
  		<artifactId>spring-webmvc</artifactId>
  		<version>4.0.3.RELEASE</version>
  		</dependency>
<!-- https://mvnrepository.com/artifact/org.springframework/spring-web -->
<dependency>
    <groupId>org.springframework</groupId>
    <artifactId>spring-web</artifactId>
    <version>4.0.3.RELEASE</version>
</dependency>
  		
<dependency>
       <groupId>org.slf4j</groupId>
       <artifactId>slf4j-api</artifactId>
       <version>1.7.5</version>
   </dependency>
    <dependency>
       <groupId>jstl</groupId>
       <artifactId>jstl</artifactId>
       <version>1.2</version>
   </dependency>	

  	<dependency>
	  <groupId>com.niit.social</groupId>
	  <artifactId>hiber</artifactId>
	  <version>0.0.1-SNAPSHOT</version>  	
  	</dependency> 
  	<dependency>
  		<groupId>org.springframework.security</groupId>
  		<artifactId>spring-security-config</artifactId>
  		<version>4.0.3.RELEASE</version>
  		<exclusions>
  			<exclusion>
  				<artifactId>spring-asm</artifactId>
  				<groupId>org.springframework</groupId>
  			</exclusion>
  		</exclusions>
  	</dependency>
  	<dependency>
  		<groupId>org.springframework.security</groupId>
  		<artifactId>spring-security-web</artifactId>
  		<version>4.0.3.RELEASE</version>
  	</dependency>  
  	
  	<dependency>
    <groupId>com.fasterxml.jackson.core</groupId>
    <artifactId>jackson-core</artifactId>
    <version>2.4.1</version>
</dependency>
<dependency>
    <groupId>com.fasterxml.jackson.core</groupId>
    <artifactId>jackson-databind</artifactId>
    <version>2.4.1.1</version>
</dependency>	
  	
  </dependencies>
  <build>
    <finalName>rest</finalName>
  </build>
</project>
